entry_date,instrument,strike,expiry,spot_entry,premium,option_expiry_price,days_to_expiry,gross_monthly_pct,net_monthly_pct
2023-05-16,BTC-26MAY23-22000-P,22000,2023-05-26,27202.22,0.001,0.0005,10,0.30000000000000004,0.15000000000000002
2023-05-17,BTC-26MAY23-22000-P,22000,2023-05-26,26813.07,0.0005,0.0005,9,0.16666666666666669,0.0
2023-05-18,BTC-26MAY23-22000-P,22000,2023-05-26,27388.54,0.0005,0.0005,8,0.1875,0.0
2023-05-21,BTC-30JUN23-22000-P,22000,2023-06-30,27042.87,0.0095,0.0005,40,0.7124999999999999,0.6749999999999999
2023-05-22,BTC-30JUN23-22000-P,22000,2023-06-30,26826.62,0.01,0.0005,39,0.7692307692307693,0.7307692307692307
2023-05-23,BTC-30JUN23-22000-P,22000,2023-06-30,27334.52,0.009,0.0005,38,0.7105263157894737,0.6710526315789472
2023-05-24,BTC-30JUN23-22000-P,22000,2023-06-30,26748.58,0.011,0.0005,37,0.8918918918918919,0.8513513513513512
2023-05-25,BTC-30JUN23-20000-P,20000,2023-06-30,26223.87,0.007,0.0005,36,0.5833333333333334,0.5416666666666667
2023-05-26,BTC-30JUN23-22000-P,22000,2023-06-30,26473.36,0.0095,0.0005,35,0.8142857142857142,0.7714285714285714
2023-05-27,BTC-30JUN23-22000-P,22000,2023-06-30,26688.65,0.0085,0.0005,34,0.7500000000000001,0.7058823529411765
2023-05-28,BTC-30JUN23-22000-P,22000,2023-06-30,27197.63,0.0065,0.0005,33,0.5909090909090909,0.5454545454545454
2023-05-29,BTC-30JUN23-22000-P,22000,2023-06-30,27900.61,0.006,0.0005,32,0.5625,0.5156249999999999
2023-05-30,BTC-30JUN23-22000-P,22000,2023-06-30,27781.78,0.006,0.0005,31,0.5806451612903226,0.532258064516129
2023-05-31,BTC-30JUN23-22000-P,22000,2023-06-30,27136.93,0.007,0.0005,30,0.7000000000000001,0.65
2023-06-01,BTC-30JUN23-22000-P,22000,2023-06-30,26912.53,0.007,0.0005,29,0.7241379310344829,0.6724137931034484
2023-06-02,BTC-30JUN23-22000-P,22000,2023-06-30,27166.14,0.005,0.0005,28,0.5357142857142857,0.4821428571428572
2023-06-03,BTC-30JUN23-22000-P,22000,2023-06-30,27146.62,0.005,0.0005,27,0.5555555555555556,0.5000000000000001
2023-06-04,BTC-30JUN23-22000-P,22000,2023-06-30,27150.82,0.0045,0.0005,26,0.5192307692307692,0.4615384615384615
2023-06-05,BTC-30JUN23-22000-P,22000,2023-06-30,26798.64,0.005,0.0005,25,0.6,0.54
2023-06-06,BTC-30JUN23-20000-P,20000,2023-06-30,25707.8,0.003,0.0005,24,0.375,0.3125
2023-06-07,BTC-30JUN23-22000-P,22000,2023-06-30,26816.47,0.004,0.0005,23,0.5217391304347826,0.4565217391304348
2023-06-08,BTC-30JUN23-22000-P,22000,2023-06-30,26441.54,0.0045,0.0005,22,0.6136363636363635,0.5454545454545454
2023-06-09,BTC-30JUN23-22000-P,22000,2023-06-30,26642.37,0.004,0.0005,21,0.5714285714285715,0.5000000000000001
2023-06-10,BTC-30JUN23-20000-P,20000,2023-06-30,25669.07,0.0025,0.0005,20,0.375,0.30000000000000004
2023-06-11,BTC-30JUN23-20000-P,20000,2023-06-30,25740.2,0.0025,0.0005,19,0.39473684210526316,0.31578947368421056
2023-06-12,BTC-30JUN23-20000-P,20000,2023-06-30,25939.32,0.002,0.0005,18,0.33333333333333337,0.25
2023-06-13,BTC-30JUN23-20000-P,20000,2023-06-30,26176.83,0.003,0.0005,17,0.5294117647058824,0.4411764705882353
2023-06-14,BTC-30JUN23-20000-P,20000,2023-06-30,25928.3,0.003,0.0005,16,0.5625,0.46875
2023-06-15,BTC-30JUN23-20000-P,20000,2023-06-30,24974.26,0.0025,0.0005,15,0.5,0.4
2023-06-16,BTC-30JUN23-20000-P,20000,2023-06-30,25545.25,0.002,0.0005,14,0.4285714285714286,0.3214285714285714
2023-06-17,BTC-30JUN23-22000-P,22000,2023-06-30,26601.01,0.0025,0.0005,13,0.5769230769230769,0.4615384615384615
2023-06-18,BTC-30JUN23-22000-P,22000,2023-06-30,26499.32,0.002,0.0005,12,0.5,0.375
2023-06-19,BTC-30JUN23-22000-P,22000,2023-06-30,26417.25,0.0015,0.0005,11,0.40909090909090906,0.2727272727272727
2023-06-20,BTC-30JUN23-22000-P,22000,2023-06-30,26754.25,0.0015,0.0005,10,0.44999999999999996,0.30000000000000004
2023-06-21,BTC-28JUL23-24000-P,24000,2023-07-28,28824.41,0.011,0.0001,37,0.8918918918918919,0.8837837837837839
2023-06-22,BTC-28JUL23-24000-P,24000,2023-07-28,30096.7,0.008,0.0001,36,0.6666666666666667,0.6583333333333334
2023-06-23,BTC-28JUL23-24000-P,24000,2023-07-28,30008.12,0.0065,0.0001,35,0.5571428571428572,0.5485714285714285
2023-06-24,BTC-28JUL23-24000-P,24000,2023-07-28,30608.82,0.0055,0.0001,34,0.48529411764705876,0.47647058823529403
2023-06-25,BTC-28JUL23-24000-P,24000,2023-07-28,30735.93,0.005,0.0001,33,0.45454545454545453,0.44545454545454544
2023-06-26,BTC-28JUL23-24000-P,24000,2023-07-28,30405.75,0.0055,0.0001,32,0.5156249999999999,0.50625
2023-06-27,BTC-28JUL23-24000-P,24000,2023-07-28,30395.14,0.0045,0.0001,31,0.4354838709677419,0.4258064516129032
2023-06-28,BTC-28JUL23-24000-P,24000,2023-07-28,30278.0,0.0045,0.0001,30,0.44999999999999996,0.43999999999999995
2023-06-29,BTC-28JUL23-24000-P,24000,2023-07-28,30383.98,0.004,0.0001,29,0.4137931034482759,0.403448275862069
2023-06-30,BTC-28JUL23-24000-P,24000,2023-07-28,30854.0,0.0025,0.0001,28,0.26785714285714285,0.2571428571428572
2023-07-01,BTC-28JUL23-24000-P,24000,2023-07-28,30441.7,0.0025,0.0001,27,0.2777777777777778,0.2666666666666667
2023-07-02,BTC-28JUL23-24000-P,24000,2023-07-28,30484.01,0.002,0.0001,26,0.23076923076923075,0.2192307692307692
2023-07-03,BTC-28JUL23-24000-P,24000,2023-07-28,30640.12,0.002,0.0001,25,0.24,0.22799999999999998
2023-07-04,BTC-28JUL23-24000-P,24000,2023-07-28,30930.76,0.002,0.0001,24,0.25,0.2375
2023-07-05,BTC-28JUL23-24000-P,24000,2023-07-28,30764.29,0.0015,0.0001,23,0.1956521739130435,0.18260869565217389
2023-07-06,BTC-28JUL23-26000-P,26000,2023-07-28,31329.97,0.004,0.0002,22,0.5454545454545454,0.5181818181818182
2023-07-07,BTC-28JUL23-24000-P,24000,2023-07-28,30055.41,0.0024,0.0001,21,0.34285714285714286,0.32857142857142857
2023-07-08,BTC-28JUL23-24000-P,24000,2023-07-28,30276.01,0.0019,0.0001,20,0.28500000000000003,0.27
2023-07-09,BTC-28JUL23-24000-P,24000,2023-07-28,30305.51,0.0018,0.0001,19,0.28421052631578947,0.26842105263157895
2023-07-10,BTC-28JUL23-24000-P,24000,2023-07-28,30099.21,0.0018,0.0001,18,0.3,0.2833333333333333
2023-07-11,BTC-28JUL23-24000-P,24000,2023-07-28,30495.91,0.0015,0.0001,17,0.2647058823529412,0.24705882352941172
2023-07-12,BTC-28JUL23-24000-P,24000,2023-07-28,30735.48,0.0012,0.0001,16,0.22499999999999998,0.20625
2023-07-13,BTC-28JUL23-24000-P,24000,2023-07-28,30411.99,0.0011,0.0001,15,0.22,0.2
2023-07-14,BTC-28JUL23-24000-P,24000,2023-07-28,31243.71,0.0009,0.0001,14,0.19285714285714284,0.1714285714285714
2023-07-15,BTC-28JUL23-24000-P,24000,2023-07-28,30316.19,0.0008,0.0001,13,0.1846153846153846,0.16153846153846152
2023-07-16,BTC-28JUL23-24000-P,24000,2023-07-28,30298.49,0.0007,0.0001,12,0.175,0.15
2023-07-17,BTC-28JUL23-24000-P,24000,2023-07-28,30261.9,0.0008,0.0001,11,0.21818181818181817,0.19090909090909086
2023-07-18,BTC-28JUL23-24000-P,24000,2023-07-28,30021.99,0.0007,0.0001,10,0.20999999999999996,0.18
2023-07-19,BTC-28JUL23-24000-P,24000,2023-07-28,29923.28,0.0006,0.0001,9,0.2,0.16666666666666663
2023-07-20,BTC-28JUL23-24000-P,24000,2023-07-28,30264.55,0.0006,0.0001,8,0.22499999999999998,0.18749999999999994
2023-08-21,BTC-29SEP23-20000-P,20000,2023-09-29,26059.99,0.0045,0.0002,39,0.34615384615384615,0.33076923076923076
2023-08-22,BTC-29SEP23-20000-P,20000,2023-09-29,26061.72,0.005,0.0002,38,0.39473684210526316,0.37894736842105264
2023-08-23,BTC-29SEP23-20000-P,20000,2023-09-29,26037.99,0.004,0.0002,37,0.32432432432432434,0.3081081081081081
2023-08-24,BTC-29SEP23-22000-P,22000,2023-09-29,26494.87,0.0065,0.0001,36,0.5416666666666667,0.5333333333333333
2023-08-25,BTC-29SEP23-20000-P,20000,2023-09-29,26093.51,0.0038,0.0002,35,0.3257142857142857,0.30857142857142855
2023-08-26,BTC-29SEP23-20000-P,20000,2023-09-29,26041.9,0.0025,0.0002,34,0.22058823529411764,0.2029411764705882
2023-08-27,BTC-29SEP23-20000-P,20000,2023-09-29,26063.09,0.0026,0.0002,33,0.23636363636363636,0.21818181818181817
2023-08-28,BTC-29SEP23-20000-P,20000,2023-09-29,25969.72,0.0029,0.0002,32,0.271875,0.253125
2023-08-29,BTC-29SEP23-20000-P,20000,2023-09-29,25956.43,0.0023,0.0002,31,0.2225806451612903,0.2032258064516129
2023-08-30,BTC-29SEP23-22000-P,22000,2023-09-29,27470.98,0.0026,0.0001,30,0.26,0.25
2023-08-31,BTC-29SEP23-22000-P,22000,2023-09-29,27235.08,0.0025,0.0001,29,0.25862068965517243,0.24827586206896554
2023-09-01,BTC-29SEP23-20000-P,20000,2023-09-29,25980.46,0.0021,0.0002,28,0.22499999999999998,0.20357142857142854
2023-09-02,BTC-29SEP23-20000-P,20000,2023-09-29,25782.25,0.0021,0.0002,27,0.23333333333333334,0.21111111111111108
2023-09-03,BTC-29SEP23-20000-P,20000,2023-09-29,25882.18,0.0017,0.0002,26,0.19615384615384612,0.17307692307692304
2023-09-04,BTC-29SEP23-20000-P,20000,2023-09-29,25986.08,0.0019,0.0002,25,0.22799999999999998,0.204
2023-09-05,BTC-29SEP23-20000-P,20000,2023-09-29,25710.92,0.0025,0.0002,24,0.3125,0.2875
2023-09-06,BTC-29SEP23-20000-P,20000,2023-09-29,25749.93,0.0026,0.0002,23,0.33913043478260874,0.31304347826086953
2023-09-07,BTC-29SEP23-20000-P,20000,2023-09-29,25744.99,0.0022,0.0002,22,0.3,0.2727272727272727
2023-09-08,BTC-29SEP23-20000-P,20000,2023-09-29,26200.04,0.0011,0.0002,21,0.15714285714285714,0.1285714285714286
2023-09-09,BTC-29SEP23-20000-P,20000,2023-09-29,25870.48,0.0015,0.0002,20,0.22499999999999998,0.195
2023-09-10,BTC-29SEP23-20000-P,20000,2023-09-29,25863.1,0.0014,0.0002,19,0.22105263157894736,0.18947368421052632
2023-09-11,BTC-29SEP23-20000-P,20000,2023-09-29,25805.26,0.0017,0.0002,18,0.2833333333333333,0.25
2023-09-12,BTC-29SEP23-20000-P,20000,2023-09-29,25766.93,0.002,0.0002,17,0.35294117647058826,0.3176470588235294
2023-09-13,BTC-29SEP23-20000-P,20000,2023-09-29,25952.88,0.001,0.0002,16,0.1875,0.15
2023-09-14,BTC-29SEP23-22000-P,22000,2023-09-29,26306.51,0.0019,0.0001,15,0.38,0.36
2023-09-15,BTC-29SEP23-22000-P,22000,2023-09-29,26633.41,0.0016,0.0001,14,0.34285714285714286,0.3214285714285714
2023-09-16,BTC-29SEP23-22000-P,22000,2023-09-29,26508.08,0.0015,0.0001,13,0.3461538461538461,0.32307692307692304
2023-09-17,BTC-29SEP23-22000-P,22000,2023-09-29,26551.14,0.0013,0.0001,12,0.325,0.3
2023-09-18,BTC-29SEP23-22000-P,22000,2023-09-29,26724.8,0.0014,0.0001,11,0.3818181818181817,0.35454545454545455
2023-09-19,BTC-29SEP23-22000-P,22000,2023-09-29,27066.74,0.001,0.0001,10,0.30000000000000004,0.27
2023-09-20,BTC-29SEP23-22000-P,22000,2023-09-29,27188.4,0.0008,0.0001,9,0.26666666666666666,0.2333333333333333
2023-09-21,BTC-27OCT23-22000-P,22000,2023-10-27,26926.74,0.0055,0.0001,36,0.4583333333333333,0.44999999999999996
2023-09-22,BTC-27OCT23-22000-P,22000,2023-10-27,26672.82,0.0055,0.0001,35,0.47142857142857136,0.46285714285714274
2023-09-23,BTC-27OCT23-22000-P,22000,2023-10-27,26573.6,0.0055,0.0001,34,0.48529411764705876,0.47647058823529403
2023-09-24,BTC-27OCT23-22000-P,22000,2023-10-27,26590.0,0.0055,0.0001,33,0.49999999999999994,0.49090909090909085
2023-09-25,BTC-27OCT23-20000-P,20000,2023-10-27,26142.99,0.0026,0.0001,32,0.24375000000000002,0.234375
2023-09-26,BTC-27OCT23-22000-P,22000,2023-10-27,26274.29,0.005,0.0001,31,0.4838709677419355,0.47419354838709676
2023-09-27,BTC-27OCT23-22000-P,22000,2023-10-27,26259.81,0.0055,0.0001,30,0.5499999999999999,0.5399999999999999
2023-09-28,BTC-27OCT23-22000-P,22000,2023-10-27,26410.0,0.005,0.0001,29,0.5172413793103449,0.506896551724138
2023-09-29,BTC-27OCT23-22000-P,22000,2023-10-27,27003.58,0.0031,0.0001,28,0.33214285714285713,0.3214285714285714
2023-09-30,BTC-27OCT23-22000-P,22000,2023-10-27,26929.09,0.0021,0.0001,27,0.23333333333333334,0.22222222222222224
2023-10-01,BTC-27OCT23-22000-P,22000,2023-10-27,27135.47,0.0025,0.0001,26,0.28846153846153844,0.27692307692307694
2023-10-02,BTC-27OCT23-22000-P,22000,2023-10-27,28280.94,0.002,0.0001,25,0.24,0.22799999999999998
2023-10-03,BTC-27OCT23-22000-P,22000,2023-10-27,27595.14,0.0021,0.0001,24,0.2625,0.25
2023-10-04,BTC-27OCT23-22000-P,22000,2023-10-27,27519.93,0.0025,0.0001,23,0.32608695652173914,0.3130434782608696
2023-10-05,BTC-27OCT23-22000-P,22000,2023-10-27,27649.63,0.0018,0.0001,22,0.24545454545454543,0.23181818181818178
2023-10-06,BTC-27OCT23-22000-P,22000,2023-10-27,27616.68,0.0015,0.0001,21,0.21428571428571427,0.19999999999999998
2023-10-07,BTC-27OCT23-22000-P,22000,2023-10-27,28006.61,0.001,0.0001,20,0.15000000000000002,0.135
2023-10-08,BTC-27OCT23-22000-P,22000,2023-10-27,27911.55,0.0012,0.0001,19,0.18947368421052632,0.17368421052631577
2023-10-09,BTC-27OCT23-22000-P,22000,2023-10-27,27745.76,0.0014,0.0001,18,0.2333333333333333,0.21666666666666667
2023-10-10,BTC-27OCT23-22000-P,22000,2023-10-27,27677.1,0.0015,0.0001,17,0.2647058823529412,0.24705882352941172
2023-10-11,BTC-27OCT23-22000-P,22000,2023-10-27,27108.43,0.0019,0.0001,16,0.35625,0.33749999999999997
2023-10-12,BTC-27OCT23-22000-P,22000,2023-10-27,26802.8,0.0021,0.0001,15,0.42,0.4
2023-10-13,BTC-27OCT23-22000-P,22000,2023-10-27,26796.02,0.0013,0.0001,14,0.2785714285714286,0.2571428571428571
2023-10-14,BTC-27OCT23-22000-P,22000,2023-10-27,26866.04,0.0008,0.0001,13,0.1846153846153846,0.16153846153846152
2023-10-15,BTC-27OCT23-22000-P,22000,2023-10-27,26905.79,0.001,0.0001,12,0.25,0.22499999999999998
2023-10-16,BTC-27OCT23-22000-P,22000,2023-10-27,27809.84,0.0008,0.0001,11,0.21818181818181817,0.19090909090909086
2023-10-17,BTC-27OCT23-22000-P,22000,2023-10-27,28437.35,0.0005,0.0001,10,0.15000000000000002,0.12
2023-10-18,BTC-27OCT23-22000-P,22000,2023-10-27,28561.51,0.0006,0.0001,9,0.2,0.16666666666666663
2023-10-19,BTC-27OCT23-22000-P,22000,2023-10-27,28325.21,0.0005,0.0001,8,0.1875,0.15
2023-11-21,BTC-29DEC23-30000-P,30000,2023-12-29,37407.62,0.009,0.0002,38,0.7105263157894737,0.6947368421052631
2023-11-22,BTC-29DEC23-30000-P,30000,2023-12-29,36560.22,0.01,0.0002,37,0.8108108108108109,0.7945945945945946
2023-11-23,BTC-29DEC23-30000-P,30000,2023-12-29,37500.0,0.007,0.0002,36,0.5833333333333334,0.5666666666666668
2023-11-24,BTC-29DEC23-30000-P,30000,2023-12-29,37437.9,0.006,0.0002,35,0.5142857142857142,0.49714285714285716
2023-11-25,BTC-29DEC23-30000-P,30000,2023-12-29,37761.1,0.0046,0.0002,34,0.4058823529411764,0.38823529411764707
2023-11-26,BTC-29DEC23-30000-P,30000,2023-12-29,37755.48,0.0055,0.0002,33,0.49999999999999994,0.4818181818181818
2023-11-27,BTC-29DEC23-30000-P,30000,2023-12-29,37338.14,0.0055,0.0002,32,0.5156249999999999,0.496875
2023-11-28,BTC-29DEC23-30000-P,30000,2023-12-29,36940.54,0.0055,0.0002,31,0.532258064516129,0.5129032258064516
2023-11-29,BTC-29DEC23-30000-P,30000,2023-12-29,38338.0,0.0039,0.0002,30,0.38999999999999996,0.37
2023-11-30,BTC-29DEC23-30000-P,30000,2023-12-29,37668.87,0.0041,0.0002,29,0.42413793103448283,0.403448275862069
2023-12-01,BTC-29DEC23-30000-P,30000,2023-12-29,38313.47,0.0031,0.0002,28,0.33214285714285713,0.31071428571428567
2023-12-02,BTC-29DEC23-30000-P,30000,2023-12-29,38713.19,0.0028,0.0002,27,0.3111111111111111,0.2888888888888889
2023-12-03,BTC-29DEC23-32000-P,32000,2023-12-29,39400.01,0.0038,0.0002,26,0.4384615384615384,0.41538461538461535
2023-12-04,BTC-29DEC23-34000-P,34000,2023-12-29,41681.9,0.0041,0.0001,25,0.492,0.48
2023-12-05,BTC-29DEC23-34000-P,34000,2023-12-29,41614.13,0.004,0.0001,24,0.5,0.48750000000000004
2023-12-06,BTC-29DEC23-36000-P,36000,2023-12-29,43825.84,0.0055,0.0001,23,0.717391304347826,0.7043478260869565
2023-12-07,BTC-29DEC23-34000-P,34000,2023-12-29,43585.6,0.0031,0.0001,22,0.4227272727272727,0.40909090909090906
2023-12-08,BTC-29DEC23-34000-P,34000,2023-12-29,43212.94,0.003,0.0001,21,0.42857142857142855,0.41428571428571437
2023-12-09,BTC-29DEC23-36000-P,36000,2023-12-29,43834.35,0.0038,0.0001,20,0.5700000000000001,0.5549999999999999
2023-12-10,BTC-29DEC23-36000-P,36000,2023-12-29,43775.51,0.0036,0.0001,19,0.5684210526315789,0.5526315789473685
2023-12-11,BTC-29DEC23-34000-P,34000,2023-12-29,42242.97,0.0038,0.0001,18,0.6333333333333334,0.6166666666666667
2023-12-12,BTC-29DEC23-34000-P,34000,2023-12-29,42036.86,0.004,0.0001,17,0.7058823529411765,0.6882352941176471
2023-12-13,BTC-29DEC23-34000-P,34000,2023-12-29,41267.88,0.0041,0.0001,16,0.76875,0.75
2023-12-14,BTC-29DEC23-34000-P,34000,2023-12-29,42761.82,0.0019,0.0001,15,0.38,0.36
2023-12-15,BTC-29DEC23-34000-P,34000,2023-12-29,42870.57,0.0015,0.0001,14,0.3214285714285714,0.29999999999999993
2023-12-16,BTC-29DEC23-34000-P,34000,2023-12-29,42179.13,0.0023,0.0001,13,0.5307692307692307,0.5076923076923077
2023-12-17,BTC-29DEC23-34000-P,34000,2023-12-29,41894.32,0.0013,0.0001,12,0.325,0.3
2023-12-18,BTC-29DEC23-32000-P,32000,2023-12-29,41196.18,0.0011,0.0002,11,0.3,0.24545454545454545
2023-12-19,BTC-29DEC23-34000-P,34000,2023-12-29,43088.06,0.0009,0.0001,10,0.27,0.23999999999999996
2023-12-20,BTC-29DEC23-34000-P,34000,2023-12-29,42776.99,0.0007,0.0001,9,0.2333333333333333,0.2
2023-12-21,BTC-26JAN24-34000-P,34000,2024-01-26,43678.61,0.007,0.0001,36,0.5833333333333334,0.575
2023-12-22,BTC-26JAN24-34000-P,34000,2024-01-26,43610.01,0.007,0.0001,35,0.6,0.5914285714285713
2023-12-23,BTC-26JAN24-34000-P,34000,2024-01-26,43620.42,0.007,0.0001,34,0.6176470588235294,0.6088235294117647
2023-12-24,BTC-26JAN24-34000-P,34000,2024-01-26,43623.9,0.006,0.0001,33,0.5454545454545454,0.5363636363636363
2023-12-25,BTC-26JAN24-34000-P,34000,2024-01-26,43114.55,0.007,0.0001,32,0.6562500000000001,0.646875
2023-12-26,BTC-26JAN24-34000-P,34000,2024-01-26,42706.42,0.007,0.0001,31,0.6774193548387097,0.667741935483871
2023-12-27,BTC-26JAN24-34000-P,34000,2024-01-26,42714.0,0.0085,0.0001,30,0.8500000000000001,0.8400000000000001
2023-12-28,BTC-26JAN24-34000-P,34000,2024-01-26,42931.1,0.0075,0.0001,29,0.7758620689655173,0.7655172413793104
2023-12-29,BTC-26JAN24-34000-P,34000,2024-01-26,42472.88,0.008,0.0001,28,0.8571428571428572,0.8464285714285714
2023-12-30,BTC-26JAN24-34000-P,34000,2024-01-26,41575.91,0.009,0.0001,27,1.0,0.9888888888888889
2023-12-31,BTC-26JAN24-34000-P,34000,2024-01-26,42480.79,0.008,0.0001,26,0.923076923076923,0.9115384615384615
2024-01-01,BTC-26JAN24-34000-P,34000,2024-01-26,42549.99,0.008,0.0001,25,0.96,0.948
2024-01-02,BTC-26JAN24-36000-P,36000,2024-01-26,45759.3,0.0055,0.0001,24,0.6874999999999999,0.6749999999999999
2024-01-03,BTC-26JAN24-36000-P,36000,2024-01-26,45200.0,0.0055,0.0001,23,0.717391304347826,0.7043478260869565
2024-01-04,BTC-26JAN24-34000-P,34000,2024-01-26,42849.66,0.006,0.0001,22,0.8181818181818181,0.8045454545454545
2024-01-05,BTC-26JAN24-36000-P,36000,2024-01-26,43911.44,0.009,0.0001,21,1.2857142857142856,1.2714285714285716
2024-01-06,BTC-26JAN24-34000-P,34000,2024-01-26,43692.33,0.0055,0.0001,20,0.825,0.8099999999999998
2024-01-07,BTC-26JAN24-36000-P,36000,2024-01-26,44017.99,0.0115,0.0001,19,1.8157894736842104,1.8000000000000003
2024-01-08,BTC-26JAN24-36000-P,36000,2024-01-26,43868.53,0.0115,0.0001,18,1.9166666666666665,1.9000000000000004
2024-01-09,BTC-26JAN24-38000-P,38000,2024-01-26,46544.65,0.0075,0.0001,17,1.3235294117647058,1.3058823529411765
2024-01-10,BTC-26JAN24-36000-P,36000,2024-01-26,45329.94,0.006,0.0001,16,1.125,1.10625
2024-01-11,BTC-26JAN24-38000-P,38000,2024-01-26,46277.0,0.005,0.0001,15,1.0,0.98
2024-01-12,BTC-26JAN24-36000-P,36000,2024-01-26,45860.01,0.0036,0.0001,14,0.7714285714285714,0.75
2024-01-13,BTC-26JAN24-34000-P,34000,2024-01-26,43170.01,0.002,0.0001,13,0.4615384615384615,0.4384615384615384
2024-01-14,BTC-26JAN24-34000-P,34000,2024-01-26,42996.25,0.0027,0.0001,12,0.675,0.65
2024-01-15,BTC-26JAN24-34000-P,34000,2024-01-26,42680.44,0.0025,0.0001,11,0.6818181818181818,0.6545454545454545
2024-01-16,BTC-26JAN24-34000-P,34000,2024-01-26,43014.53,0.0017,0.0001,10,0.51,0.4799999999999999
2024-01-17,BTC-26JAN24-34000-P,34000,2024-01-26,42728.76,0.001,0.0001,9,0.33333333333333337,0.3
2024-01-18,BTC-26JAN24-34000-P,34000,2024-01-26,42742.0,0.0004,0.0001,8,0.15,0.1125
2024-02-21,BTC-29MAR24-42000-P,42000,2024-03-29,51667.84,0.0075,0.0001,37,0.6081081081081081,0.6
2024-02-22,BTC-29MAR24-42000-P,42000,2024-03-29,51888.52,0.008,0.0001,36,0.6666666666666667,0.6583333333333334
2024-02-23,BTC-29MAR24-40000-P,40000,2024-03-29,50958.54,0.0055,0.0001,35,0.47142857142857136,0.46285714285714274
2024-02-24,BTC-29MAR24-40000-P,40000,2024-03-29,50994.92,0.0048,0.0001,34,0.4235294117647059,0.4147058823529411
2024-02-25,BTC-29MAR24-42000-P,42000,2024-03-29,51606.36,0.007,0.0001,33,0.6363636363636364,0.6272727272727272
2024-02-26,BTC-29MAR24-42000-P,42000,2024-03-29,51250.16,0.007,0.0001,32,0.6562500000000001,0.646875
2024-02-27,BTC-29MAR24-44000-P,44000,2024-03-29,56235.99,0.0055,0.0001,31,0.532258064516129,0.5225806451612902
2024-02-28,BTC-29MAR24-48000-P,48000,2024-03-29,59448.42,0.007,0.0001,30,0.7000000000000001,0.69
2024-02-29,BTC-29MAR24-50000-P,50000,2024-03-29,62785.28,0.0095,0.0001,29,0.9827586206896551,0.9724137931034484
2024-03-01,BTC-29MAR24-50000-P,50000,2024-03-29,61908.62,0.008,0.0001,28,0.8571428571428572,0.8464285714285714
2024-03-02,BTC-29MAR24-50000-P,50000,2024-03-29,61939.64,0.007,0.0001,27,0.7777777777777779,0.7666666666666666
2024-03-03,BTC-29MAR24-50000-P,50000,2024-03-29,61597.11,0.008,0.0001,26,0.923076923076923,0.9115384615384615
2024-03-04,BTC-29MAR24-52000-P,52000,2024-03-29,65241.08,0.0095,0.0001,25,1.14,1.1280000000000001
2024-03-05,BTC-29MAR24-54000-P,54000,2024-03-29,66866.75,0.0105,0.0001,24,1.3125,1.3
2024-03-06,BTC-29MAR24-54000-P,54000,2024-03-29,66941.23,0.01,0.0001,23,1.3043478260869565,1.291304347826087
2024-03-07,BTC-29MAR24-54000-P,54000,2024-03-29,66665.41,0.0075,0.0001,22,1.0227272727272727,1.009090909090909
2024-03-08,BTC-29MAR24-54000-P,54000,2024-03-29,67208.55,0.0065,0.0001,21,0.9285714285714286,0.9142857142857141
2024-03-09,BTC-29MAR24-54000-P,54000,2024-03-29,68300.0,0.0055,0.0001,20,0.825,0.8099999999999998
2024-03-10,BTC-29MAR24-56000-P,56000,2024-03-29,69635.35,0.008,0.0001,19,1.2631578947368423,1.2473684210526317
2024-03-11,BTC-29MAR24-56000-P,56000,2024-03-29,71190.0,0.0075,0.0001,18,1.25,1.2333333333333334
2024-03-12,BTC-29MAR24-58000-P,58000,2024-03-29,71677.32,0.009,0.0001,17,1.5882352941176467,1.5705882352941176
2024-03-13,BTC-29MAR24-58000-P,58000,2024-03-29,73433.5,0.0055,0.0001,16,1.0312499999999998,1.0125
2024-03-14,BTC-29MAR24-58000-P,58000,2024-03-29,73321.11,0.0055,0.0001,15,1.0999999999999999,1.0799999999999998
2024-03-15,BTC-29MAR24-54000-P,54000,2024-03-29,67066.26,0.007,0.0001,14,1.5,1.4785714285714284
2024-03-16,BTC-29MAR24-56000-P,56000,2024-03-29,69021.96,0.008,0.0001,13,1.846153846153846,1.823076923076923
2024-03-17,BTC-29MAR24-54000-P,54000,2024-03-29,66521.1,0.0075,0.0001,12,1.875,1.85
2024-03-18,BTC-29MAR24-54000-P,54000,2024-03-29,68035.46,0.0042,0.0001,11,1.1454545454545453,1.118181818181818
2024-03-19,BTC-29MAR24-50000-P,50000,2024-03-29,63464.0,0.0031,0.0001,10,0.9299999999999999,0.8999999999999999
2024-03-20,BTC-29MAR24-50000-P,50000,2024-03-29,62684.71,0.0041,0.0001,9,1.366666666666667,1.3333333333333335
2024-03-21,BTC-26APR24-54000-P,54000,2024-04-26,67283.55,0.0195,0.0001,36,1.625,1.6166666666666667
2024-03-22,BTC-26APR24-52000-P,52000,2024-04-26,65858.68,0.0145,0.0001,35,1.2428571428571429,1.2342857142857144
2024-03-23,BTC-26APR24-52000-P,52000,2024-04-26,64521.99,0.0165,0.0001,34,1.4558823529411766,1.4470588235294117
2024-03-24,BTC-26APR24-52000-P,52000,2024-04-26,65244.0,0.0155,0.0001,33,1.4090909090909092,1.4
2024-03-25,BTC-26APR24-54000-P,54000,2024-04-26,66938.67,0.015,0.0001,32,1.40625,1.396875
2024-03-26,BTC-26APR24-56000-P,56000,2024-04-26,70693.66,0.0125,0.0001,31,1.2096774193548387,1.2000000000000002
2024-03-27,BTC-26APR24-56000-P,56000,2024-04-26,69547.91,0.0125,0.0001,30,1.25,1.2400000000000002
2024-03-28,BTC-26APR24-56000-P,56000,2024-04-26,70578.1,0.014,0.0001,29,1.4482758620689657,1.437931034482759
2024-03-29,BTC-26APR24-56000-P,56000,2024-04-26,69932.99,0.013,0.0001,28,1.3928571428571428,1.3821428571428571
2024-03-30,BTC-26APR24-56000-P,56000,2024-04-26,69966.01,0.01,0.0001,27,1.1111111111111112,1.1
2024-03-31,BTC-26APR24-56000-P,56000,2024-04-26,70266.0,0.011,0.0001,26,1.269230769230769,1.2576923076923077
2024-04-01,BTC-26APR24-56000-P,56000,2024-04-26,69388.64,0.0105,0.0001,25,1.26,1.248
2024-04-02,BTC-26APR24-52000-P,52000,2024-04-26,66240.02,0.0075,0.0001,24,0.9375,0.925
2024-04-03,BTC-26APR24-54000-P,54000,2024-04-26,66518.04,0.0105,0.0001,23,1.3695652173913044,1.356521739130435
2024-04-04,BTC-26APR24-52000-P,52000,2024-04-26,66220.01,0.0065,0.0001,22,0.8863636363636364,0.8727272727272726
2024-04-05,BTC-26APR24-54000-P,54000,2024-04-26,67151.21,0.0085,0.0001,21,1.2142857142857144,1.2000000000000002
2024-04-06,BTC-26APR24-54000-P,54000,2024-04-26,68012.14,0.0075,0.0001,20,1.125,1.1099999999999999
2024-04-07,BTC-26APR24-56000-P,56000,2024-04-26,69479.99,0.007,0.0001,19,1.105263157894737,1.0894736842105261
2024-04-08,BTC-26APR24-58000-P,58000,2024-04-26,71968.0,0.0075,0.0001,18,1.25,1.2333333333333334
2024-04-09,BTC-26APR24-56000-P,56000,2024-04-26,70500.01,0.0055,0.0001,17,0.9705882352941175,0.9529411764705881
2024-04-10,BTC-26APR24-56000-P,56000,2024-04-26,69011.92,0.0055,0.0001,16,1.0312499999999998,1.0125
2024-04-11,BTC-26APR24-56000-P,56000,2024-04-26,71039.39,0.004,0.0001,15,0.8,0.78
2024-04-12,BTC-26APR24-56000-P,56000,2024-04-26,70759.99,0.0031,0.0001,14,0.6642857142857143,0.6428571428571428
2024-04-13,BTC-26APR24-54000-P,54000,2024-04-26,67176.0,0.0035,0.0001,13,0.8076923076923077,0.7846153846153846
2024-04-14,BTC-26APR24-52000-P,52000,2024-04-26,64530.67,0.0085,0.0001,12,2.125,2.1
2024-04-15,BTC-26APR24-54000-P,54000,2024-04-26,66287.21,0.005,0.0001,11,1.3636363636363635,1.3363636363636362
2024-04-16,BTC-26APR24-50000-P,50000,2024-04-26,63288.48,0.0046,0.0002,10,1.38,1.32
2024-04-17,BTC-26APR24-50000-P,50000,2024-04-26,63325.75,0.003,0.0002,9,1.0,0.9333333333333332
2024-04-18,BTC-26APR24-50000-P,50000,2024-04-26,61335.99,0.0036,0.0002,8,1.3499999999999999,1.275
2024-04-21,BTC-31MAY24-52000-P,52000,2024-05-31,64926.83,0.0195,0.0001,40,1.4625,1.455
2024-04-22,BTC-31MAY24-52000-P,52000,2024-05-31,65961.59,0.016,0.0001,39,1.2307692307692308,1.2230769230769232
2024-04-23,BTC-31MAY24-52000-P,52000,2024-05-31,66215.07,0.0145,0.0001,38,1.1447368421052633,1.136842105263158
2024-04-24,BTC-31MAY24-54000-P,54000,2024-05-31,66533.99,0.017,0.0001,37,1.3783783783783785,1.3702702702702705
2024-04-25,BTC-31MAY24-52000-P,52000,2024-05-31,63948.78,0.013,0.0001,36,1.0833333333333335,1.0750000000000002
2024-04-26,BTC-31MAY24-52000-P,52000,2024-05-31,64412.5,0.0105,0.0001,35,0.9,0.8914285714285715
2024-04-27,BTC-31MAY24-50000-P,50000,2024-05-31,63016.01,0.008,0.0001,34,0.7058823529411765,0.6970588235294117
2024-04-28,BTC-31MAY24-50000-P,50000,2024-05-31,63709.98,0.006,0.0001,33,0.5454545454545454,0.5363636363636363
2024-04-29,BTC-31MAY24-50000-P,50000,2024-05-31,62398.0,0.0085,0.0001,32,0.7968750000000001,0.7875000000000001
2024-04-30,BTC-31MAY24-50000-P,50000,2024-05-31,61919.32,0.007,0.0001,31,0.6774193548387097,0.667741935483871
2024-05-01,BTC-31MAY24-46000-P,46000,2024-05-31,57169.69,0.0125,0.0001,30,1.25,1.2400000000000002
2024-05-02,BTC-31MAY24-46000-P,46000,2024-05-31,57834.82,0.01,0.0001,29,1.0344827586206897,1.024137931034483
2024-05-03,BTC-31MAY24-48000-P,48000,2024-05-31,59225.99,0.0085,0.0001,28,0.9107142857142858,0.9
2024-05-04,BTC-31MAY24-50000-P,50000,2024-05-31,63160.95,0.005,0.0001,27,0.5555555555555556,0.5444444444444445
2024-05-05,BTC-31MAY24-50000-P,50000,2024-05-31,63668.0,0.005,0.0001,26,0.5769230769230769,0.5653846153846154
2024-05-06,BTC-31MAY24-52000-P,52000,2024-05-31,65143.04,0.005,0.0001,25,0.6,0.588
2024-05-07,BTC-31MAY24-52000-P,52000,2024-05-31,64232.0,0.0065,0.0001,24,0.8125,0.7999999999999998
2024-05-08,BTC-31MAY24-50000-P,50000,2024-05-31,62375.99,0.0038,0.0001,23,0.4956521739130435,0.4826086956521739
2024-05-09,BTC-31MAY24-50000-P,50000,2024-05-31,61310.0,0.0048,0.0001,22,0.6545454545454544,0.6409090909090908
2024-05-10,BTC-31MAY24-50000-P,50000,2024-05-31,63039.99,0.0029,0.0001,21,0.41428571428571426,0.39999999999999997
2024-05-11,BTC-31MAY24-48000-P,48000,2024-05-31,60790.0,0.0034,0.0001,20,0.51,0.495
2024-05-12,BTC-31MAY24-48000-P,48000,2024-05-31,61049.97,0.0024,0.0001,19,0.37894736842105264,0.36315789473684207
2024-05-13,BTC-31MAY24-50000-P,50000,2024-05-31,62767.18,0.0033,0.0001,18,0.55,0.5333333333333333
2024-05-14,BTC-31MAY24-50000-P,50000,2024-05-31,61861.0,0.0034,0.0001,17,0.6,0.5823529411764706
2024-05-15,BTC-31MAY24-50000-P,50000,2024-05-31,62143.51,0.0035,0.0001,16,0.6562500000000001,0.6375000000000001
2024-05-16,BTC-31MAY24-54000-P,54000,2024-05-31,66297.12,0.0029,0.0001,15,0.58,0.5599999999999999
2024-05-17,BTC-31MAY24-52000-P,52000,2024-05-31,66146.01,0.0019,0.0001,14,0.40714285714285714,0.3857142857142857
2024-05-18,BTC-31MAY24-54000-P,54000,2024-05-31,67027.59,0.0018,0.0001,13,0.41538461538461535,0.39230769230769225
2024-05-19,BTC-31MAY24-54000-P,54000,2024-05-31,67160.01,0.0015,0.0001,12,0.375,0.35
2024-05-20,BTC-31MAY24-54000-P,54000,2024-05-31,66762.0,0.0018,0.0001,11,0.49090909090909085,0.46363636363636357
2024-05-21,BTC-28JUN24-56000-P,56000,2024-06-28,70916.0,0.009,0.0001,38,0.7105263157894737,0.7026315789473685
2024-05-22,BTC-28JUN24-56000-P,56000,2024-06-28,70010.27,0.0085,0.0001,37,0.6891891891891893,0.6810810810810812
2024-05-23,BTC-28JUN24-56000-P,56000,2024-06-28,69687.99,0.0085,0.0001,36,0.7083333333333335,0.7000000000000001
2024-05-24,BTC-28JUN24-54000-P,54000,2024-06-28,67190.15,0.006,0.0002,35,0.5142857142857142,0.49714285714285716
2024-05-25,BTC-28JUN24-56000-P,56000,2024-06-28,68876.69,0.007,0.0001,34,0.6176470588235294,0.6088235294117647
2024-05-26,BTC-28JUN24-56000-P,56000,2024-06-28,69160.33,0.007,0.0001,33,0.6363636363636364,0.6272727272727272
2024-05-27,BTC-28JUN24-54000-P,54000,2024-06-28,68624.0,0.0042,0.0002,32,0.39375,0.375
2024-05-28,BTC-28JUN24-54000-P,54000,2024-06-28,68159.99,0.005,0.0002,31,0.4838709677419355,0.46451612903225814
2024-05-29,BTC-28JUN24-54000-P,54000,2024-06-28,67872.41,0.0048,0.0002,30,0.48,0.45999999999999996
2024-05-30,BTC-28JUN24-54000-P,54000,2024-06-28,67688.96,0.0045,0.0002,29,0.46551724137931033,0.44482758620689655
2024-05-31,BTC-28JUN24-54000-P,54000,2024-06-28,68136.0,0.0041,0.0002,28,0.4392857142857143,0.41785714285714287
2024-06-01,BTC-28JUN24-54000-P,54000,2024-06-28,67704.0,0.0036,0.0002,27,0.4,0.37777777777777777
2024-06-02,BTC-28JUN24-54000-P,54000,2024-06-28,67750.67,0.0033,0.0002,26,0.38076923076923075,0.35769230769230764
2024-06-03,BTC-28JUN24-56000-P,56000,2024-06-28,69142.55,0.004,0.0001,25,0.48,0.46799999999999997
2024-06-04,BTC-28JUN24-56000-P,56000,2024-06-28,68836.54,0.0036,0.0001,24,0.44999999999999996,0.43750000000000006
2024-06-05,BTC-28JUN24-56000-P,56000,2024-06-28,70927.57,0.0031,0.0001,23,0.4043478260869565,0.391304347826087
2024-06-06,BTC-28JUN24-56000-P,56000,2024-06-28,70904.01,0.0023,0.0001,22,0.3136363636363636,0.3
2024-06-07,BTC-28JUN24-56000-P,56000,2024-06-28,71117.2,0.0016,0.0001,21,0.2285714285714286,0.21428571428571427
2024-06-08,BTC-28JUN24-56000-P,56000,2024-06-28,69436.42,0.0018,0.0001,20,0.27,0.255
2024-06-09,BTC-28JUN24-56000-P,56000,2024-06-28,69352.15,0.0018,0.0001,19,0.28421052631578947,0.26842105263157895
2024-06-10,BTC-28JUN24-56000-P,56000,2024-06-28,69387.5,0.0017,0.0001,18,0.2833333333333333,0.26666666666666666
2024-06-11,BTC-28JUN24-54000-P,54000,2024-06-28,67516.74,0.0018,0.0002,17,0.3176470588235294,0.28235294117647053
2024-06-12,BTC-28JUN24-54000-P,54000,2024-06-28,67393.46,0.0024,0.0002,16,0.44999999999999996,0.4125
2024-06-13,BTC-28JUN24-54000-P,54000,2024-06-28,67565.56,0.0015,0.0002,15,0.3,0.26
2024-06-14,BTC-28JUN24-54000-P,54000,2024-06-28,67152.04,0.0014,0.0002,14,0.29999999999999993,0.2571428571428571
2024-06-15,BTC-28JUN24-52000-P,52000,2024-06-28,66221.31,0.001,0.0001,13,0.23076923076923075,0.20769230769230768
2024-06-16,BTC-28JUN24-54000-P,54000,2024-06-28,66272.51,0.0012,0.0002,12,0.3,0.24999999999999994
2024-06-17,BTC-28JUN24-52000-P,52000,2024-06-28,66194.51,0.0004,0.0001,11,0.10909090909090909,0.08181818181818182
2024-06-18,BTC-28JUN24-52000-P,52000,2024-06-28,65727.53,0.0008,0.0001,10,0.24,0.20999999999999996
2024-06-19,BTC-28JUN24-52000-P,52000,2024-06-28,65183.89,0.0005,0.0001,9,0.16666666666666669,0.13333333333333333
2024-06-20,BTC-28JUN24-52000-P,52000,2024-06-28,65690.63,0.0005,0.0001,8,0.1875,0.15
2024-06-21,BTC-26JUL24-50000-P,50000,2024-07-26,63639.64,0.0044,0.0001,35,0.3771428571428571,0.36857142857142855
2024-06-22,BTC-26JUL24-52000-P,52000,2024-07-26,64289.15,0.0055,0.0001,34,0.48529411764705876,0.47647058823529403
2024-06-23,BTC-26JUL24-52000-P,52000,2024-07-26,64395.43,0.0055,0.0001,33,0.49999999999999994,0.49090909090909085
2024-06-24,BTC-26JUL24-50000-P,50000,2024-07-26,62730.92,0.0044,0.0001,32,0.4125,0.403125
2024-06-25,BTC-26JUL24-48000-P,48000,2024-07-26,60860.12,0.0042,0.0002,31,0.4064516129032258,0.38709677419354843
2024-06-26,BTC-26JUL24-50000-P,50000,2024-07-26,61472.48,0.0045,0.0001,30,0.44999999999999996,0.43999999999999995
2024-06-27,BTC-26JUL24-48000-P,48000,2024-07-26,60866.0,0.0026,0.0002,29,0.26896551724137935,0.2482758620689655
2024-06-28,BTC-26JUL24-50000-P,50000,2024-07-26,61480.21,0.0039,0.0001,28,0.4178571428571428,0.40714285714285714
2024-06-29,BTC-26JUL24-48000-P,48000,2024-07-26,60982.03,0.0028,0.0002,27,0.3111111111111111,0.2888888888888889
2024-06-30,BTC-26JUL24-50000-P,50000,2024-07-26,61556.01,0.0036,0.0001,26,0.41538461538461535,0.40384615384615385
2024-07-01,BTC-26JUL24-50000-P,50000,2024-07-26,62923.91,0.0025,0.0001,25,0.3,0.28800000000000003
2024-07-02,BTC-26JUL24-50000-P,50000,2024-07-26,62670.01,0.002,0.0001,24,0.25,0.2375
2024-07-03,BTC-26JUL24-48000-P,48000,2024-07-26,60497.59,0.0015,0.0002,23,0.1956521739130435,0.16956521739130437
2024-07-04,BTC-26JUL24-46000-P,46000,2024-07-26,57688.46,0.0019,0.0001,22,0.2590909090909091,0.24545454545454543
2024-07-05,BTC-26JUL24-44000-P,44000,2024-07-26,54088.0,0.0049,0.0001,21,0.7,0.6857142857142857
2024-07-06,BTC-26JUL24-46000-P,46000,2024-07-26,56557.81,0.0048,0.0001,20,0.72,0.7049999999999998
2024-07-07,BTC-26JUL24-46000-P,46000,2024-07-26,57650.45,0.0033,0.0001,19,0.5210526315789474,0.5052631578947369
2024-07-08,BTC-26JUL24-46000-P,46000,2024-07-26,57792.0,0.0048,0.0001,18,0.8,0.7833333333333332
2024-07-09,BTC-26JUL24-46000-P,46000,2024-07-26,57615.54,0.0031,0.0001,17,0.5470588235294117,0.5294117647058824
2024-07-10,BTC-26JUL24-48000-P,48000,2024-07-26,58756.01,0.0025,0.0002,16,0.46875,0.43124999999999997
2024-07-11,BTC-26JUL24-46000-P,46000,2024-07-26,58159.09,0.0023,0.0001,15,0.45999999999999996,0.44
2024-07-12,BTC-26JUL24-46000-P,46000,2024-07-26,57323.02,0.0016,0.0001,14,0.34285714285714286,0.3214285714285714
2024-07-13,BTC-26JUL24-46000-P,46000,2024-07-26,57949.93,0.001,0.0001,13,0.23076923076923075,0.20769230769230768
2024-07-14,BTC-26JUL24-48000-P,48000,2024-07-26,60202.0,0.0018,0.0002,12,0.44999999999999996,0.3999999999999999
2024-07-15,BTC-26JUL24-50000-P,50000,2024-07-26,62879.54,0.0016,0.0001,11,0.43636363636363634,0.40909090909090906
2024-07-16,BTC-26JUL24-50000-P,50000,2024-07-26,62820.67,0.0014,0.0001,10,0.41999999999999993,0.39
2024-07-17,BTC-26JUL24-52000-P,52000,2024-07-26,65179.63,0.0014,0.0001,9,0.4666666666666666,0.43333333333333335
2024-07-18,BTC-26JUL24-52000-P,52000,2024-07-26,64936.9,0.001,0.0001,8,0.375,0.33749999999999997
2024-07-21,BTC-30AUG24-54000-P,54000,2024-08-30,66796.01,0.0105,0.0001,40,0.7875000000000001,0.78
2024-07-22,BTC-30AUG24-54000-P,54000,2024-08-30,67080.48,0.0115,0.0001,39,0.8846153846153846,0.876923076923077
2024-07-23,BTC-30AUG24-54000-P,54000,2024-08-30,66888.0,0.0145,0.0001,38,1.1447368421052633,1.136842105263158
2024-07-24,BTC-30AUG24-54000-P,54000,2024-08-30,66437.01,0.012,0.0001,37,0.972972972972973,0.964864864864865
2024-07-25,BTC-30AUG24-52000-P,52000,2024-08-30,64352.01,0.0105,0.0001,36,0.8750000000000001,0.8666666666666667
2024-07-26,BTC-30AUG24-54000-P,54000,2024-08-30,67106.01,0.0095,0.0001,35,0.8142857142857142,0.8057142857142857
2024-07-27,BTC-30AUG24-54000-P,54000,2024-08-30,67986.0,0.0075,0.0001,34,0.6617647058823529,0.6529411764705882
2024-07-28,BTC-30AUG24-54000-P,54000,2024-08-30,67380.0,0.006,0.0001,33,0.5454545454545454,0.5363636363636363
2024-07-29,BTC-30AUG24-56000-P,56000,2024-08-30,69457.5,0.0065,0.0001,32,0.609375,0.5999999999999999
2024-07-30,BTC-30AUG24-54000-P,54000,2024-08-30,66772.01,0.0046,0.0001,31,0.4451612903225806,0.4354838709677419
2024-07-31,BTC-30AUG24-54000-P,54000,2024-08-30,66312.01,0.0055,0.0001,30,0.5499999999999999,0.5399999999999999
2024-08-01,BTC-30AUG24-52000-P,52000,2024-08-30,64507.17,0.004,0.0001,29,0.4137931034482759,0.403448275862069
2024-08-02,BTC-30AUG24-52000-P,52000,2024-08-30,64598.01,0.0045,0.0001,28,0.4821428571428571,0.47142857142857136
2024-08-03,BTC-30AUG24-50000-P,50000,2024-08-30,61629.68,0.0065,0.0001,27,0.7222222222222223,0.711111111111111
2024-08-04,BTC-30AUG24-48000-P,48000,2024-08-30,60565.41,0.006,0.0001,26,0.6923076923076922,0.6807692307692307
2024-08-05,BTC-30AUG24-40000-P,40000,2024-08-30,52752.0,0.008,0.0001,25,0.96,0.948
2024-08-06,BTC-30AUG24-44000-P,44000,2024-08-30,54992.0,0.0065,0.0001,24,0.8125,0.7999999999999998
2024-08-07,BTC-30AUG24-46000-P,46000,2024-08-30,57348.0,0.007,0.0001,23,0.9130434782608696,0.8999999999999999
2024-08-08,BTC-30AUG24-46000-P,46000,2024-08-30,57230.0,0.01,0.0001,22,1.3636363636363635,1.35
2024-08-09,BTC-30AUG24-48000-P,48000,2024-08-30,61095.73,0.003,0.0001,21,0.42857142857142855,0.41428571428571437
2024-08-10,BTC-30AUG24-48000-P,48000,2024-08-30,60733.58,0.0029,0.0001,20,0.43499999999999994,0.41999999999999993
2024-08-11,BTC-30AUG24-50000-P,50000,2024-08-30,61260.42,0.0044,0.0001,19,0.6947368421052632,0.6789473684210526
2024-08-12,BTC-30AUG24-46000-P,46000,2024-08-30,58317.43,0.0039,0.0001,18,0.6499999999999999,0.6333333333333334
2024-08-13,BTC-30AUG24-48000-P,48000,2024-08-30,59099.98,0.0042,0.0001,17,0.7411764705882352,0.7235294117647058
2024-08-14,BTC-30AUG24-48000-P,48000,2024-08-30,60896.0,0.0027,0.0001,16,0.5062500000000001,0.48750000000000004
2024-08-15,BTC-30AUG24-46000-P,46000,2024-08-30,58378.3,0.0023,0.0001,15,0.45999999999999996,0.44
2024-08-16,BTC-30AUG24-46000-P,46000,2024-08-30,58360.0,0.002,0.0001,14,0.4285714285714286,0.40714285714285714
2024-08-17,BTC-30AUG24-48000-P,48000,2024-08-30,59279.08,0.002,0.0001,13,0.4615384615384615,0.4384615384615384
2024-08-18,BTC-30AUG24-48000-P,48000,2024-08-30,59706.02,0.002,0.0001,12,0.5,0.475
2024-08-19,BTC-30AUG24-46000-P,46000,2024-08-30,58608.27,0.0013,0.0001,11,0.35454545454545455,0.3272727272727272
2024-08-20,BTC-30AUG24-48000-P,48000,2024-08-30,60765.13,0.001,0.0001,10,0.30000000000000004,0.27
2024-08-21,BTC-27SEP24-48000-P,48000,2024-09-27,59443.0,0.01,0.0002,37,0.8108108108108109,0.7945945945945946
2024-08-22,BTC-27SEP24-48000-P,48000,2024-09-27,60926.81,0.0075,0.0002,36,0.625,0.6083333333333334
2024-08-23,BTC-27SEP24-50000-P,50000,2024-09-27,61321.4,0.0095,0.0001,35,0.8142857142857142,0.8057142857142857
2024-08-24,BTC-27SEP24-52000-P,52000,2024-09-27,64416.0,0.0095,0.0001,34,0.838235294117647,0.8294117647058824
2024-08-25,BTC-27SEP24-52000-P,52000,2024-09-27,63931.0,0.0095,0.0001,33,0.8636363636363635,0.8545454545454546
2024-08-26,BTC-27SEP24-50000-P,50000,2024-09-27,63738.0,0.0055,0.0001,32,0.5156249999999999,0.50625
2024-08-27,BTC-27SEP24-50000-P,50000,2024-09-27,62813.38,0.0055,0.0001,31,0.532258064516129,0.5225806451612902
2024-08-28,BTC-27SEP24-48000-P,48000,2024-09-27,59223.99,0.0075,0.0002,30,0.75,0.73
2024-08-29,BTC-27SEP24-48000-P,48000,2024-09-27,59551.97,0.007,0.0002,29,0.7241379310344829,0.703448275862069
2024-08-30,BTC-27SEP24-48000-P,48000,2024-09-27,59445.0,0.0075,0.0002,28,0.8035714285714286,0.7821428571428571
2024-08-31,BTC-27SEP24-48000-P,48000,2024-09-27,58985.01,0.006,0.0002,27,0.6666666666666666,0.6444444444444446
2024-09-01,BTC-27SEP24-46000-P,46000,2024-09-27,58233.99,0.0042,0.0002,26,0.48461538461538456,0.4615384615384615
2024-09-02,BTC-27SEP24-46000-P,46000,2024-09-27,58056.01,0.0055,0.0002,25,0.6599999999999999,0.636
2024-09-03,BTC-27SEP24-48000-P,48000,2024-09-27,58789.02,0.0065,0.0002,24,0.8125,0.7875
2024-09-04,BTC-27SEP24-46000-P,46000,2024-09-27,56783.01,0.0055,0.0002,23,0.717391304347826,0.691304347826087
2024-09-05,BTC-27SEP24-46000-P,46000,2024-09-27,57004.0,0.0065,0.0002,22,0.8863636363636364,0.859090909090909
2024-09-06,BTC-27SEP24-44000-P,44000,2024-09-27,55783.01,0.0055,0.0005,21,0.7857142857142856,0.7142857142857142
2024-09-07,BTC-27SEP24-44000-P,44000,2024-09-27,54370.99,0.007,0.0005,20,1.05,0.9750000000000001
2024-09-08,BTC-27SEP24-44000-P,44000,2024-09-27,54480.0,0.005,0.0005,19,0.7894736842105263,0.7105263157894738
2024-09-09,BTC-27SEP24-44000-P,44000,2024-09-27,55244.0,0.0041,0.0005,18,0.6833333333333335,0.6000000000000001
2024-09-10,BTC-27SEP24-46000-P,46000,2024-09-27,57046.99,0.0036,0.0002,17,0.6352941176470588,0.6
2024-09-11,BTC-27SEP24-46000-P,46000,2024-09-27,56398.0,0.0041,0.0002,16,0.76875,0.7312500000000001
2024-09-12,BTC-27SEP24-46000-P,46000,2024-09-27,58171.06,0.0027,0.0002,15,0.54,0.5
2024-09-13,BTC-27SEP24-46000-P,46000,2024-09-27,57953.64,0.0021,0.0002,14,0.44999999999999996,0.4071428571428571
2024-09-14,BTC-27SEP24-48000-P,48000,2024-09-27,59973.99,0.0016,0.0002,13,0.3692307692307692,0.32307692307692304
2024-09-15,BTC-27SEP24-48000-P,48000,2024-09-27,60069.99,0.002,0.0002,12,0.5,0.44999999999999996
2024-09-16,BTC-27SEP24-48000-P,48000,2024-09-27,58924.98,0.0024,0.0002,11,0.6545454545454544,0.5999999999999999
2024-09-17,BTC-27SEP24-48000-P,48000,2024-09-27,58792.0,0.0023,0.0002,10,0.69,0.63
2024-09-18,BTC-27SEP24-48000-P,48000,2024-09-27,60198.05,0.0017,0.0002,9,0.5666666666666667,0.5
2024-09-19,BTC-27SEP24-50000-P,50000,2024-09-27,61932.0,0.0011,0.0001,8,0.4125,0.375
2024-10-21,BTC-29NOV24-54000-P,54000,2024-11-29,68301.46,0.0065,0.0001,39,0.5,0.4923076923076923
2024-10-22,BTC-29NOV24-54000-P,54000,2024-11-29,66934.07,0.007,0.0001,38,0.5526315789473685,0.5447368421052631
2024-10-23,BTC-29NOV24-54000-P,54000,2024-11-29,66530.0,0.0075,0.0001,37,0.6081081081081081,0.6
2024-10-24,BTC-29NOV24-54000-P,54000,2024-11-29,66852.87,0.0085,0.0001,36,0.7083333333333335,0.7000000000000001
2024-10-25,BTC-29NOV24-54000-P,54000,2024-11-29,67658.5,0.007,0.0001,35,0.6,0.5914285714285713
2024-10-26,BTC-29NOV24-54000-P,54000,2024-11-29,67134.65,0.0065,0.0001,34,0.5735294117647058,0.5647058823529411
2024-10-27,BTC-29NOV24-54000-P,54000,2024-11-29,67226.0,0.0065,0.0001,33,0.5909090909090909,0.5818181818181817
2024-10-28,BTC-29NOV24-54000-P,54000,2024-11-29,68328.0,0.006,0.0001,32,0.5625,0.553125
2024-10-29,BTC-29NOV24-56000-P,56000,2024-11-29,71134.01,0.006,0.0001,31,0.5806451612903226,0.5709677419354838
2024-10-30,BTC-29NOV24-58000-P,58000,2024-11-29,72241.35,0.0075,0.0001,30,0.75,0.74
2024-10-31,BTC-29NOV24-58000-P,58000,2024-11-29,72276.05,0.0075,0.0001,29,0.7758620689655173,0.7655172413793104
2024-11-01,BTC-29NOV24-56000-P,56000,2024-11-29,69376.1,0.0075,0.0001,28,0.8035714285714286,0.7928571428571428
2024-11-02,BTC-29NOV24-56000-P,56000,2024-11-29,69630.95,0.006,0.0001,27,0.6666666666666666,0.6555555555555556
2024-11-03,BTC-29NOV24-54000-P,54000,2024-11-29,68480.01,0.0055,0.0001,26,0.6346153846153845,0.623076923076923
2024-11-04,BTC-29NOV24-54000-P,54000,2024-11-29,68699.99,0.0055,0.0001,25,0.6599999999999999,0.6479999999999999
2024-11-05,BTC-29NOV24-56000-P,56000,2024-11-29,69038.01,0.008,0.0001,24,1.0,0.9875
2024-11-06,BTC-29NOV24-58000-P,58000,2024-11-29,73456.04,0.0032,0.0001,23,0.4173913043478261,0.4043478260869566
2024-11-07,BTC-29NOV24-60000-P,60000,2024-11-29,75150.0,0.0031,0.0001,22,0.4227272727272727,0.40909090909090906
2024-11-08,BTC-29NOV24-60000-P,60000,2024-11-29,75802.0,0.0022,0.0001,21,0.3142857142857143,0.30000000000000004
2024-11-09,BTC-29NOV24-62000-P,62000,2024-11-29,76539.99,0.0021,0.0001,20,0.315,0.30000000000000004
2024-11-10,BTC-29NOV24-64000-P,64000,2024-11-29,79130.1,0.0025,0.0001,19,0.39473684210526316,0.37894736842105264
2024-11-11,BTC-29NOV24-64000-P,64000,2024-11-29,81239.53,0.0018,0.0001,18,0.3,0.2833333333333333
2024-11-12,BTC-29NOV24-72000-P,72000,2024-11-29,89280.01,0.0046,0.0001,17,0.8117647058823528,0.7941176470588234
2024-11-13,BTC-29NOV24-70000-P,70000,2024-11-29,87228.68,0.003,0.0001,16,0.5625,0.5437500000000001
2024-11-14,BTC-29NOV24-72000-P,72000,2024-11-29,90558.28,0.0033,0.0001,15,0.66,0.64
2024-11-15,BTC-29NOV24-70000-P,70000,2024-11-29,88082.96,0.0025,0.0001,14,0.5357142857142857,0.5142857142857143
2024-11-16,BTC-29NOV24-74000-P,74000,2024-11-29,91425.98,0.0017,0.0001,13,0.39230769230769225,0.36923076923076914
2024-11-17,BTC-29NOV24-72000-P,72000,2024-11-29,90985.11,0.0013,0.0001,12,0.325,0.3
2024-11-18,BTC-29NOV24-74000-P,74000,2024-11-29,91810.61,0.0014,0.0001,11,0.3818181818181817,0.35454545454545455
2024-11-19,BTC-29NOV24-74000-P,74000,2024-11-29,91780.99,0.0016,0.0001,10,0.48,0.44999999999999996
2024-11-20,BTC-29NOV24-74000-P,74000,2024-11-29,93200.0,0.0011,0.0001,9,0.3666666666666667,0.33333333333333337
2024-11-21,BTC-27DEC24-78000-P,78000,2024-12-27,97107.99,0.0095,0.0001,36,0.7916666666666666,0.7833333333333334
2024-11-22,BTC-27DEC24-80000-P,80000,2024-12-27,98815.79,0.0115,0.0001,35,0.9857142857142855,0.9771428571428572
2024-11-23,BTC-27DEC24-78000-P,78000,2024-12-27,98451.98,0.009,0.0001,34,0.7941176470588234,0.7852941176470588
2024-11-24,BTC-27DEC24-78000-P,78000,2024-12-27,98067.75,0.009,0.0001,33,0.8181818181818181,0.8090909090909091
2024-11-25,BTC-27DEC24-78000-P,78000,2024-12-27,98217.77,0.0075,0.0001,32,0.703125,0.69375
2024-11-26,BTC-27DEC24-74000-P,74000,2024-12-27,93142.85,0.0075,0.0001,31,0.7258064516129032,0.7161290322580646
2024-11-27,BTC-27DEC24-74000-P,74000,2024-12-27,93433.21,0.0085,0.0001,30,0.8500000000000001,0.8400000000000001
2024-11-28,BTC-27DEC24-76000-P,76000,2024-12-27,95456.01,0.007,0.0002,29,0.7241379310344829,0.703448275862069
2024-11-29,BTC-27DEC24-76000-P,76000,2024-12-27,95979.99,0.005,0.0002,28,0.5357142857142857,0.5142857142857143
2024-11-30,BTC-27DEC24-78000-P,78000,2024-12-27,96953.49,0.0048,0.0001,27,0.5333333333333333,0.5222222222222221
2024-12-01,BTC-27DEC24-78000-P,78000,2024-12-27,97048.01,0.0049,0.0001,26,0.5653846153846154,0.5538461538461538
2024-12-02,BTC-27DEC24-76000-P,76000,2024-12-27,95053.66,0.0036,0.0002,25,0.432,0.408
2024-12-03,BTC-27DEC24-76000-P,76000,2024-12-27,95528.0,0.0032,0.0002,24,0.4,0.375
2024-12-04,BTC-27DEC24-78000-P,78000,2024-12-27,96687.53,0.005,0.0001,23,0.6521739130434783,0.6391304347826087
2024-12-05,BTC-27DEC24-82000-P,82000,2024-12-27,102764.0,0.0046,0.0001,22,0.6272727272727272,0.6136363636363635
2024-12-06,BTC-27DEC24-78000-P,78000,2024-12-27,98345.38,0.0034,0.0001,21,0.48571428571428565,0.4714285714285715
2024-12-07,BTC-27DEC24-80000-P,80000,2024-12-27,99414.76,0.0036,0.0001,20,0.54,0.525
2024-12-08,BTC-27DEC24-80000-P,80000,2024-12-27,98980.01,0.0035,0.0001,19,0.5526315789473685,0.5368421052631579
2024-12-09,BTC-27DEC24-80000-P,80000,2024-12-27,98901.15,0.0038,0.0001,18,0.6333333333333334,0.6166666666666667
2024-12-10,BTC-27DEC24-78000-P,78000,2024-12-27,97385.72,0.0035,0.0001,17,0.6176470588235294,0.6
2024-12-11,BTC-27DEC24-78000-P,78000,2024-12-27,98109.9,0.0033,0.0001,16,0.61875,0.6
2024-12-12,BTC-27DEC24-80000-P,80000,2024-12-27,100980.0,0.002,0.0001,15,0.4,0.38
2024-12-13,BTC-27DEC24-80000-P,80000,2024-12-27,100272.0,0.0023,0.0001,14,0.4928571428571428,0.4714285714285714
2024-12-14,BTC-27DEC24-82000-P,82000,2024-12-27,101803.03,0.0021,0.0001,13,0.48461538461538456,0.4615384615384615
2024-12-15,BTC-27DEC24-82000-P,82000,2024-12-27,102015.15,0.0024,0.0001,12,0.6,0.575
2024-12-16,BTC-27DEC24-84000-P,84000,2024-12-27,104535.44,0.0018,0.0001,11,0.49090909090909085,0.46363636363636357
2024-12-17,BTC-27DEC24-86000-P,86000,2024-12-27,107406.61,0.0015,0.0001,10,0.44999999999999996,0.41999999999999993
2024-12-18,BTC-27DEC24-84000-P,84000,2024-12-27,103805.43,0.0017,0.0001,9,0.5666666666666667,0.5333333333333333
2024-12-19,BTC-27DEC24-82000-P,82000,2024-12-27,101640.4,0.0012,0.0001,8,0.44999999999999996,0.4125
2024-12-21,BTC-31JAN25-78000-P,78000,2025-01-31,98650.0,0.0115,0.0001,41,0.8414634146341463,0.8341463414634147
2024-12-22,BTC-31JAN25-78000-P,78000,2025-01-31,96534.5,0.012,0.0001,40,0.8999999999999999,0.8925000000000001
2024-12-23,BTC-31JAN25-76000-P,76000,2025-01-31,95503.87,0.0125,0.0003,39,0.9615384615384616,0.9384615384615385
2024-12-24,BTC-31JAN25-76000-P,76000,2025-01-31,94495.77,0.0125,0.0003,38,0.986842105263158,0.9631578947368421
2024-12-25,BTC-31JAN25-78000-P,78000,2025-01-31,98069.71,0.011,0.0001,37,0.8918918918918919,0.8837837837837839
2024-12-26,BTC-31JAN25-76000-P,76000,2025-01-31,95878.56,0.009,0.0003,36,0.75,0.725
2024-12-27,BTC-31JAN25-76000-P,76000,2025-01-31,95724.02,0.0105,0.0003,35,0.9,0.8742857142857142
2024-12-28,BTC-31JAN25-76000-P,76000,2025-01-31,94488.01,0.011,0.0003,34,0.9705882352941175,0.9441176470588234
2024-12-29,BTC-31JAN25-76000-P,76000,2025-01-31,95123.33,0.0095,0.0003,33,0.8636363636363635,0.8363636363636363
2024-12-30,BTC-31JAN25-76000-P,76000,2025-01-31,93851.11,0.01,0.0003,32,0.9375,0.9093749999999999
2024-12-31,BTC-31JAN25-76000-P,76000,2025-01-31,93933.38,0.01,0.0003,31,0.967741935483871,0.9387096774193548
2025-01-01,BTC-31JAN25-74000-P,74000,2025-01-31,93428.46,0.008,0.0001,30,0.8,0.79
2025-01-02,BTC-31JAN25-76000-P,76000,2025-01-31,96150.0,0.008,0.0003,29,0.8275862068965518,0.7965517241379311
2025-01-03,BTC-31JAN25-76000-P,76000,2025-01-31,96129.97,0.007,0.0003,28,0.75,0.7178571428571429
2025-01-04,BTC-31JAN25-78000-P,78000,2025-01-31,97906.07,0.0065,0.0001,27,0.7222222222222223,0.711111111111111
2025-01-05,BTC-31JAN25-78000-P,78000,2025-01-31,97861.04,0.006,0.0001,26,0.6923076923076922,0.6807692307692307
2025-01-06,BTC-31JAN25-80000-P,80000,2025-01-31,99043.49,0.006,0.0001,25,0.72,0.708
2025-01-07,BTC-31JAN25-82000-P,82000,2025-01-31,101905.08,0.006,0.0001,24,0.75,0.7374999999999999
2025-01-08,BTC-31JAN25-76000-P,76000,2025-01-31,95945.99,0.0042,0.0003,23,0.5478260869565217,0.508695652173913
2025-01-09,BTC-31JAN25-74000-P,74000,2025-01-31,93030.87,0.004,0.0001,22,0.5454545454545454,0.5318181818181817
2025-01-10,BTC-31JAN25-76000-P,76000,2025-01-31,94680.01,0.006,0.0003,21,0.8571428571428571,0.8142857142857144
2025-01-11,BTC-31JAN25-76000-P,76000,2025-01-31,94074.79,0.006,0.0003,20,0.8999999999999999,0.8550000000000001
2025-01-12,BTC-31JAN25-76000-P,76000,2025-01-31,94170.01,0.0045,0.0003,19,0.7105263157894737,0.6631578947368421
2025-01-13,BTC-31JAN25-74000-P,74000,2025-01-31,93039.1,0.0036,0.0001,18,0.6,0.5833333333333334
2025-01-14,BTC-31JAN25-76000-P,76000,2025-01-31,95488.5,0.0042,0.0003,17,0.7411764705882352,0.688235294117647
2025-01-15,BTC-31JAN25-78000-P,78000,2025-01-31,97202.26,0.0041,0.0001,16,0.76875,0.75
2025-01-16,BTC-31JAN25-80000-P,80000,2025-01-31,98955.8,0.0032,0.0001,15,0.64,0.6200000000000001
2025-01-17,BTC-31JAN25-82000-P,82000,2025-01-31,102136.01,0.003,0.0001,14,0.6428571428571428,0.6214285714285714
2025-01-18,BTC-31JAN25-82000-P,82000,2025-01-31,103272.0,0.0026,0.0001,13,0.6,0.5769230769230769
2025-01-19,BTC-31JAN25-84000-P,84000,2025-01-31,104428.24,0.0027,0.0001,12,0.675,0.65
2025-01-20,BTC-31JAN25-86000-P,86000,2025-01-31,108320.01,0.002,0.0001,11,0.5454545454545454,0.5181818181818182
2025-01-21,BTC-28FEB25-80000-P,80000,2025-02-28,102466.81,0.0105,0.0125,38,0.8289473684210527,-0.15789473684210528
2025-01-22,BTC-28FEB25-86000-P,86000,2025-02-28,105270.03,0.012,0.0875,37,0.972972972972973,-6.121621621621622
2025-01-23,BTC-28FEB25-80000-P,80000,2025-02-28,102215.75,0.009,0.0125,36,0.75,-0.2916666666666668
2025-01-24,BTC-28FEB25-86000-P,86000,2025-02-28,105500.76,0.01,0.0875,35,0.8571428571428571,-6.642857142857142
2025-01-25,BTC-28FEB25-86000-P,86000,2025-02-28,104341.98,0.0095,0.0875,34,0.838235294117647,-6.88235294117647
2025-01-26,BTC-28FEB25-86000-P,86000,2025-02-28,105030.4,0.009,0.0875,33,0.8181818181818181,-7.136363636363636
2025-01-27,BTC-28FEB25-80000-P,80000,2025-02-28,99043.77,0.0095,0.0125,32,0.890625,-0.2812500000000001
2025-01-28,BTC-28FEB25-80000-P,80000,2025-02-28,102851.23,0.006,0.0125,31,0.5806451612903226,-0.6290322580645161
2025-01-29,BTC-28FEB25-80000-P,80000,2025-02-28,102732.03,0.006,0.0125,30,0.6,-0.65
2025-01-30,BTC-28FEB25-86000-P,86000,2025-02-28,105060.01,0.0075,0.0875,29,0.7758620689655173,-8.275862068965516
2025-01-31,BTC-28FEB25-86000-P,86000,2025-02-28,104028.78,0.0065,0.0875,28,0.6964285714285714,-8.678571428571427
2025-02-01,BTC-28FEB25-80000-P,80000,2025-02-28,102016.85,0.0036,0.0125,27,0.4,-0.988888888888889
2025-02-02,BTC-28FEB25-80000-P,80000,2025-02-28,99831.04,0.005,0.0125,26,0.5769230769230769,-0.8653846153846154
2025-02-04,BTC-28FEB25-80000-P,80000,2025-02-28,98304.34,0.006,0.0125,24,0.75,-0.8125
2025-02-05,BTC-28FEB25-80000-P,80000,2025-02-28,97634.24,0.0055,0.0125,23,0.717391304347826,-0.9130434782608696
2025-02-06,BTC-28FEB25-80000-P,80000,2025-02-28,98128.43,0.0055,0.0125,22,0.7499999999999999,-0.9545454545454546
2025-02-07,BTC-28FEB25-80000-P,80000,2025-02-28,97021.47,0.0045,0.0125,21,0.6428571428571428,-1.142857142857143
2025-02-09,BTC-28FEB25-80000-P,80000,2025-02-28,97086.0,0.0047,0.0125,19,0.7421052631578948,-1.231578947368421
2025-02-10,BTC-28FEB25-80000-P,80000,2025-02-28,97683.99,0.004,0.0125,18,0.6666666666666667,-1.416666666666667
2025-02-11,BTC-28FEB25-80000-P,80000,2025-02-28,98223.79,0.003,0.0125,17,0.5294117647058824,-1.6764705882352944
2025-02-12,BTC-28FEB25-80000-P,80000,2025-02-28,96358.46,0.0033,0.0125,16,0.61875,-1.7249999999999999
2025-02-14,BTC-28FEB25-80000-P,80000,2025-02-28,96871.97,0.0019,0.0125,14,0.40714285714285714,-2.2714285714285714
2025-02-15,BTC-28FEB25-80000-P,80000,2025-02-28,97505.51,0.0013,0.0125,13,0.3,-2.5846153846153848
2025-02-16,BTC-28FEB25-80000-P,80000,2025-02-28,97163.86,0.0011,0.0125,12,0.275,-2.8500000000000005
2025-02-20,BTC-28FEB25-80000-P,80000,2025-02-28,97150.01,0.0009,0.0125,8,0.33749999999999997,-4.3500000000000005
2025-02-21,BTC-28MAR25-80000-P,80000,2025-03-28,98213.41,0.0065,0.0001,35,0.5571428571428572,0.5485714285714285
2025-02-23,BTC-28MAR25-80000-P,80000,2025-03-28,96364.32,0.007,0.0001,33,0.6363636363636364,0.6272727272727272
2025-02-25,BTC-28MAR25-70000-P,70000,2025-03-28,89400.53,0.0055,0.0001,31,0.532258064516129,0.5225806451612902
2025-02-26,BTC-28MAR25-70000-P,70000,2025-03-28,88484.54,0.0044,0.0001,30,0.44,0.43
2025-02-27,BTC-28MAR25-70000-P,70000,2025-03-28,86078.47,0.007,0.0001,29,0.7241379310344829,0.7137931034482758
2025-03-01,BTC-28MAR25-70000-P,70000,2025-03-28,85303.37,0.007,0.0001,27,0.7777777777777779,0.7666666666666666
2025-03-02,BTC-28MAR25-70000-P,70000,2025-03-28,85754.71,0.005,0.0001,26,0.5769230769230769,0.5653846153846154
2025-03-03,BTC-28MAR25-76000-P,76000,2025-03-28,91477.54,0.0075,0.0001,25,0.8999999999999999,0.888
2025-03-04,BTC-28MAR25-70000-P,70000,2025-03-28,83893.09,0.0105,0.0001,24,1.3125,1.3
2025-03-05,BTC-28MAR25-70000-P,70000,2025-03-28,87760.0,0.006,0.0001,23,0.782608695652174,0.7695652173913043
2025-03-06,BTC-28MAR25-70000-P,70000,2025-03-28,91156.08,0.0038,0.0001,22,0.5181818181818182,0.5045454545454545
2025-03-07,BTC-28MAR25-70000-P,70000,2025-03-28,88365.78,0.0045,0.0001,21,0.6428571428571428,0.6285714285714286
2025-03-08,BTC-28MAR25-70000-P,70000,2025-03-28,86071.57,0.004,0.0001,20,0.6000000000000001,0.585
2025-03-09,BTC-28MAR25-70000-P,70000,2025-03-28,85792.0,0.0037,0.0001,19,0.5842105263157895,0.568421052631579
2025-03-15,BTC-28MAR25-70000-P,70000,2025-03-28,83891.36,0.0026,0.0001,13,0.6,0.5769230769230769
2025-03-16,BTC-28MAR25-70000-P,70000,2025-03-28,84268.36,0.0026,0.0001,12,0.65,0.625
2025-03-20,BTC-28MAR25-70000-P,70000,2025-03-28,86241.05,0.0009,0.0001,8,0.33749999999999997,0.29999999999999993
2025-03-21,BTC-25APR25-70000-P,70000,2025-04-25,84022.32,0.009,0.0001,35,0.7714285714285714,0.7628571428571428
2025-03-22,BTC-25APR25-70000-P,70000,2025-04-25,84222.01,0.0085,0.0001,34,0.7500000000000001,0.7411764705882353
2025-03-23,BTC-25APR25-70000-P,70000,2025-04-25,84347.12,0.008,0.0001,33,0.7272727272727273,0.7181818181818181
2025-03-24,BTC-25APR25-70000-P,70000,2025-04-25,87416.35,0.0055,0.0001,32,0.5156249999999999,0.50625
2025-03-25,BTC-25APR25-70000-P,70000,2025-04-25,86714.79,0.0049,0.0001,31,0.47419354838709676,0.4645161290322581
2025-03-26,BTC-25APR25-70000-P,70000,2025-04-25,87959.73,0.0043,0.0001,30,0.43,0.42
2025-03-27,BTC-25APR25-70000-P,70000,2025-04-25,87434.82,0.0042,0.0001,29,0.4344827586206897,0.4241379310344827
2025-03-28,BTC-25APR25-70000-P,70000,2025-04-25,85213.87,0.0075,0.0001,28,0.8035714285714286,0.7928571428571428
2025-03-29,BTC-25APR25-70000-P,70000,2025-04-25,83934.95,0.0075,0.0001,27,0.8333333333333334,0.8222222222222223
2025-04-01,BTC-25APR25-70000-P,70000,2025-04-25,84121.94,0.007,0.0001,24,0.8750000000000001,0.8624999999999999
2025-04-02,BTC-25APR25-70000-P,70000,2025-04-25,84677.04,0.0055,0.0001,23,0.717391304347826,0.7043478260869565
2025-04-04,BTC-25APR25-70000-P,70000,2025-04-25,84415.99,0.006,0.0001,21,0.8571428571428571,0.8428571428571429
2025-04-07,BTC-25APR25-60000-P,60000,2025-04-25,76266.89,0.0055,0.0001,18,0.9166666666666666,0.8999999999999999
2025-04-08,BTC-25APR25-66000-P,66000,2025-04-25,79154.02,0.006,0.0001,17,1.0588235294117647,1.0411764705882351
2025-04-09,BTC-25APR25-60000-P,60000,2025-04-25,77304.35,0.0039,0.0001,16,0.73125,0.7125
2025-04-10,BTC-25APR25-66000-P,66000,2025-04-25,81549.99,0.0029,0.0001,15,0.58,0.5599999999999999
2025-04-11,BTC-25APR25-66000-P,66000,2025-04-25,81631.89,0.0031,0.0001,14,0.6642857142857143,0.6428571428571428
2025-04-12,BTC-25APR25-66000-P,66000,2025-04-25,83604.77,0.0024,0.0001,13,0.5538461538461538,0.5307692307692307
2025-04-13,BTC-25APR25-68000-P,68000,2025-04-25,84664.6,0.002,0.0001,12,0.5,0.475
2025-04-14,BTC-25APR25-68000-P,68000,2025-04-25,84763.18,0.0014,0.0001,11,0.3818181818181817,0.35454545454545455
2025-04-15,BTC-25APR25-68000-P,68000,2025-04-25,85850.0,0.0009,0.0001,10,0.27,0.23999999999999996
2025-04-16,BTC-25APR25-66000-P,66000,2025-04-25,83736.79,0.0009,0.0001,9,0.3,0.26666666666666666
2025-04-17,BTC-25APR25-68000-P,68000,2025-04-25,84445.54,0.0007,0.0001,8,0.26249999999999996,0.22499999999999998
2025-04-21,BTC-30MAY25-70000-P,70000,2025-05-30,87569.28,0.007,0.0002,39,0.5384615384615385,0.5230769230769231
2025-04-22,BTC-30MAY25-70000-P,70000,2025-05-30,88414.33,0.006,0.0002,38,0.47368421052631576,0.4578947368421053
2025-04-23,BTC-30MAY25-76000-P,76000,2025-05-30,94285.72,0.0075,0.0003,37,0.6081081081081081,0.5837837837837838
2025-04-24,BTC-30MAY25-74000-P,74000,2025-05-30,92017.75,0.0065,0.0003,36,0.5416666666666667,0.5166666666666667
2025-04-25,BTC-30MAY25-74000-P,74000,2025-05-30,93680.01,0.005,0.0003,35,0.42857142857142855,0.40285714285714286
2025-04-26,BTC-30MAY25-76000-P,76000,2025-05-30,94318.04,0.0049,0.0003,34,0.43235294117647055,0.4058823529411764
2025-04-27,BTC-30MAY25-76000-P,76000,2025-05-30,94202.51,0.0055,0.0003,33,0.49999999999999994,0.4727272727272727
2025-04-28,BTC-30MAY25-76000-P,76000,2025-05-30,94706.39,0.005,0.0003,32,0.46875,0.44062500000000004
2025-04-29,BTC-30MAY25-76000-P,76000,2025-05-30,95030.0,0.0044,0.0003,31,0.42580645161290326,0.39677419354838717
2025-04-30,BTC-30MAY25-76000-P,76000,2025-05-30,94718.18,0.0036,0.0003,30,0.36,0.33
2025-05-01,BTC-30MAY25-76000-P,76000,2025-05-30,95210.16,0.0037,0.0003,29,0.3827586206896552,0.3517241379310345
2025-05-02,BTC-30MAY25-78000-P,78000,2025-05-30,96636.2,0.0034,0.0003,28,0.36428571428571427,0.33214285714285713
2025-05-03,BTC-30MAY25-78000-P,78000,2025-05-30,96281.0,0.003,0.0003,27,0.3333333333333333,0.30000000000000004
2025-05-04,BTC-30MAY25-76000-P,76000,2025-05-30,95647.27,0.0022,0.0003,26,0.25384615384615383,0.21923076923076926
2025-05-05,BTC-30MAY25-76000-P,76000,2025-05-30,94559.19,0.0023,0.0003,25,0.27599999999999997,0.24
2025-05-06,BTC-30MAY25-76000-P,76000,2025-05-30,94375.9,0.0025,0.0003,24,0.3125,0.275
2025-05-07,BTC-30MAY25-78000-P,78000,2025-05-30,97024.45,0.003,0.0003,23,0.391304347826087,0.3521739130434783
